P,L2-NORM,C_in,C_SR,y,point_type,system_id
0.0,25.962400879,0.13431499898,25.95759964,0.48087400198,EP,P1
2.8135150248e-06,25.962600817,0.13431752977,25.957799623,0.48087291,,P1
6.9195335871e-06,25.962800683,0.13432000122,25.957999553,0.48087071942,,P1
1.5133086615e-05,25.963200415,0.13432494465,25.958399414,0.48086633718,,P1
3.1566264485e-05,25.963999878,0.13433483357,25.959199137,0.48085756844,,P1
6.4456957918e-05,25.965598803,0.13435461972,25.96079858,0.48084001386,,P1
0.00013033610143,25.968796649,0.13439422544,25.963997463,0.48080483617,,P1
0.00026248869394,25.975192324,0.13447357206,25.970395218,0.48073420484,,P1
0.00052839785752,25.98798361,0.13463281829,25.983190674,0.4805918242,,P1
0.001066854941,26.013565907,0.13495362474,26.008781368,0.4803024721,,P1
0.0021458962154,26.063530184,0.13558993486,26.058762269,0.47971869071,,P1
0.0032650601695,26.113492747,0.13624089569,26.108741779,0.47910812492,,P1
0.0044299036454,26.163453307,0.13690900114,26.158719646,0.4784677319,,P1
0.0056472691247,26.213411492,0.13759730074,26.208695545,0.47779373086,,P1
0.0069257497058,26.263366814,0.1383096025,26.258669049,0.47708134014,,P1
0.0082763940806,26.313318616,0.13905078042,26.30863958,0.47632437843,,P1
0.0097138234292,26.363265982,0.13982726176,26.358606326,0.475514633,,P1
0.011258098967,26.413207581,0.14064784197,26.408568099,0.47464080382,,P1
0.012938067129,26.463141364,0.14152514453,26.458523059,0.4736866131,,P1
0.014797924112,26.513063932,0.14247848673,26.508468129,0.47262709763,,P1
0.016911854493,26.562968997,0.14354027195,26.558397561,0.47142034629,,P1
0.019423706876,26.612842731,0.14477332064,26.608298572,0.46998512171,,P1
0.022699777912,26.66264282,0.14633763035,26.658131518,0.46811475447,,P1
0.029365130196,26.711900581,0.14938046296,26.707446806,0.46433096406,,P1
0.031682590866,26.713171776,0.15039817131,26.708735153,0.46302619558,,P1
0.031899426472,26.712883839,0.15049239768,26.708448747,0.46290446464,,P1
0.031998469777,26.712729374,0.15053538145,26.708294978,0.4628488829,,P1
0.032180649983,26.712407607,0.15061435452,26.707974484,0.46274668049,,P1
0.032424211969,26.711901694,0.15071975259,26.707470258,0.46261011351,,P1
0.032742000662,26.711111505,0.15085695708,26.706682247,0.46243204966,,P1
0.033148195011,26.709887774,0.15103181589,26.705461261,0.46220465524,,P1
0.033659412323,26.708008333,0.15125107095,26.703585214,0.4619188,,P1
0.034296118962,26.705141797,0.15152289102,26.700722809,0.46156330515,,P1
0.035084091793,26.700792621,0.15185738405,26.696378601,0.46112418741,,P1
0.03605594557,26.694218557,0.15226707638,26.689810444,0.46058390502,,P1
0.037252890426,26.684306916,0.15276740075,26.679905749,0.45992053787,,P1
0.038726937943,26.669389071,0.15337724439,26.664995965,0.45910681852,,P1
0.040543815279,26.646962334,0.15411960394,26.642578422,0.45810893542,,P1
0.042786932818,26.613272832,0.15502239658,26.608899168,0.45688502642,,P1
0.04552874245,26.563370958,0.1561061193,26.559008206,0.45540166474,,P1
0.047869744323,26.513441882,0.15701492059,26.509087077,0.45414657664,,P1
0.049954924823,26.463498,0.15781212486,26.45914924,0.4530377767,,P1
0.051858889251,26.413544835,0.15853028864,26.409200765,0.45203301873,,P1
0.053626012707,26.363585326,0.15918876089,26.359244915,0.45110714135,,P1
0.055285220674,26.313621217,0.15980014433,26.309283648,0.45024372253,,P1
0.056856604151,26.263653631,0.16037318603,26.259318231,0.44943134202,,P1
0.058354786848,26.213683328,0.16091424814,26.209349532,0.44866167758,,P1
0.059790803388,26.163710849,0.16142812791,26.159378174,0.4479284425,,P1
0.061173221795,26.113736591,0.16191854762,26.109404616,0.44722675008,,P1
0.062508851587,26.063760856,0.16238846352,26.059429207,0.44655271259,,P1
0.06380321035,26.013783874,0.16284026931,26.009452221,0.44590317679,,P1
0.065060842392,25.96380583,0.16327593506,25.959473875,0.44527554323,,P1
0.066285543052,25.913826871,0.16369710499,25.909494342,0.44466763894,,P1
0.067480520674,25.863847117,0.16410516802,25.859513767,0.44407762548,,P1
0.068648516205,25.813866667,0.16450130988,25.809532268,0.44350393097,,P1
0.069791893208,25.763885604,0.16488655227,25.759549945,0.44294519894,,P1
0.070912706775,25.713903997,0.16526178292,25.709566883,0.44240024912,,P1
0.07201275708,25.663921905,0.16562777881,25.659583154,0.44186804697,,P1
0.073093631558,25.61393938,0.16598522459,25.60959882,0.44134767966,,P1
0.074156738533,25.563956465,0.16633472714,25.559613935,0.44083833688,,P1
0.075203334314,25.513973199,0.16667682742,25.509628546,0.44033929546,,P1
0.07623454525,25.463989616,0.16701200999,25.459642696,0.43984990673,,P1
0.077251385844,25.414005743,0.16734071091,25.40965642,0.43936958621,,P1
0.078254773751,25.364021608,0.16766332426,25.359669751,0.43889780504,,P1
0.079245542292,25.314037234,0.16798020757,25.309682718,0.43843408283,,P1
0.08022445097,25.264052642,0.16829168637,25.259695348,0.43797798166,,P1
0.08119219436,25.214067849,0.16859805806,25.209707663,0.43752910098,,P1
0.082149411002,25.164082871,0.16889959581,25.159719684,0.43708707261,,P1
0.083096684446,25.114097725,0.16919654885,25.10973143,0.43665155981,,P1
0.084034557158,25.064112425,0.16948914876,25.05974292,0.43622224984,,P1
0.084963529624,25.014126983,0.16977760886,25.00975417,0.43579885408,,P1
0.085884065993,24.96414141,0.17006212678,24.959765194,0.43538110496,,P1
0.086796597717,24.914155717,0.17034288596,24.909776004,0.43496875379,,P1
0.087701526741,24.864169914,0.1706200571,24.859786615,0.43456156898,,P1
0.088599228305,24.814184008,0.1708937993,24.809797036,0.43415933443,,P1
0.089490053412,24.764198009,0.1711642612,24.759807278,0.43376184808,,P1
0.090374331013,24.714211923,0.17143158188,24.709817352,0.4333689207,,P1
0.091252369953,24.664225757,0.17169589171,24.659827265,0.43298037474,,P1
0.092124460695,24.614239519,0.17195731312,24.609837026,0.43259604333,,P1
0.092990876865,24.564253214,0.17221596123,24.559846643,0.43221576943,,P1
0.093851876634,24.514266847,0.17247194448,24.509856124,0.431839405,,P1
0.094707703962,24.464280424,0.17272536513,24.459865474,0.43146681031,,P1
0.095558589712,24.41429395,0.1729763198,24.4098747,0.43109785327,,P1
0.096404752658,24.364307428,0.17322489984,24.359883809,0.43073240886,,P1
0.097246400403,24.314320865,0.17347119176,24.309892806,0.43037035863,,P1
0.098083730199,24.264334263,0.17371527761,24.259901695,0.43001159018,,P1
0.098916929699,24.214347627,0.17395723524,24.209910483,0.42965599676,,P1
0.099746177647,24.164360959,0.17419713864,24.159919173,0.42930347685,,P1
0.10057164449,24.114374264,0.17443505822,24.10992777,0.42895393382,,P1
0.10139349296,24.064387545,0.174671061,24.059936279,0.42860727562,,P1
0.10221187858,24.014400805,0.17490521089,24.009944703,0.42826341442,,P1
0.10302695016,23.964414046,0.17513756888,23.959953045,0.42792226638,,P1
0.10383885023,23.914427272,0.1753681932,23.90996131,0.42758375139,,P1
0.10464771541,23.864440484,0.17559713954,23.859969501,0.42724779283,,P1
0.10545367686,23.814453687,0.17582446118,23.809977621,0.42691431737,,P1
0.10625686054,23.764466881,0.17605020913,23.759985673,0.42658325473,,P1
0.10705738757,23.71448007,0.17627443229,23.709993661,0.42625453756,,P1
0.10785537451,23.664493256,0.17649717759,23.660001586,0.42592810121,,P1
0.10865093367,23.61450644,0.17671849005,23.610009451,0.42560388362,,P1
0.10944417327,23.564519624,0.17693841293,23.56001726,0.42528182514,,P1
0.1102351978,23.514532812,0.17715698782,23.510025014,0.42496186842,,P1
0.11102410811,23.464546004,0.17737425476,23.460032716,0.42464395827,,P1
0.11181100173,23.414559202,0.17759025227,23.410040368,0.42432804153,,P1
0.11259597295,23.364572409,0.17780501747,23.360047973,0.42401406701,,P1
0.11337911309,23.314585625,0.17801858615,23.310055531,0.42370198532,,P1
0.11416051062,23.264598853,0.17823099286,23.260063046,0.42339174885,,P1
0.11494025129,23.214612093,0.17844227092,23.210070519,0.42308331159,,P1
0.11571841833,23.164625349,0.17865245253,23.160077953,0.42277662915,,P1
0.11649509256,23.11463862,0.17886156882,23.110085348,0.4224716586,,P1
0.11727035249,23.064651909,0.1790696499,23.060092706,0.42216835843,,P1
0.11804427449,23.014665217,0.17927672489,23.01010003,0.42186668848,,P1
0.11881693287,22.964678545,0.179482822,22.960107321,0.42156660988,,P1
0.11958839999,22.914691895,0.17968796857,22.91011458,0.42126808498,,P1
0.12035874636,22.864705268,0.17989219107,22.860121809,0.42097107729,,P1
0.12112804075,22.814718665,0.18009551521,22.810129009,0.42067555144,,P1
0.12189635023,22.764732087,0.18029796591,22.760136183,0.42038147312,,P1
0.12266374032,22.714745536,0.18049956739,22.71014333,0.42008880903,,P1
0.12343027502,22.664759013,0.18070034316,22.660150453,0.41979752684,,P1
0.12419601691,22.614772519,0.18090031609,22.610157552,0.41950759515,,P1
0.12496102721,22.564786055,0.18109950838,22.56016463,0.41921898346,,P1
0.12572536583,22.514799623,0.18129794168,22.510171687,0.41893166208,,P1
0.12648909148,22.464813223,0.18149563702,22.460178724,0.41864560218,,P1
0.12725226167,22.414826856,0.18169261491,22.410185743,0.41836077566,,P1
0.12801493283,22.364840524,0.18188889531,22.360192745,0.4180771552,,P1
0.12877716032,22.314854228,0.18208449769,22.310199731,0.41779471418,,P1
0.12953899847,22.264867968,0.18227944103,22.260206701,0.41751342668,,P1
0.1303005007,22.214881746,0.18247374385,22.210213658,0.41723326741,,P1
0.13106171949,22.164895563,0.18266742422,22.160220602,0.41695421175,,P1
0.13182270647,22.11490942,0.18286049981,22.110227534,0.41667623566,,P1
0.13258351242,22.064923317,0.18305298785,22.060234455,0.41639931568,,P1
0.13334418737,22.014937256,0.1832449052,22.010241366,0.41612342894,,P1
0.1341047806,21.964951238,0.18343626834,21.960248268,0.41584855307,,P1
0.13486534067,21.914965264,0.18362709339,21.910255163,0.41557466626,,P1
0.13562591549,21.864979334,0.18381739612,21.86026205,0.41530174716,,P1
0.13638655232,21.81499345,0.18400719198,21.810268931,0.41502977493,,P1
0.13714729782,21.765007612,0.18419649609,21.760275807,0.41475872917,,P1
0.13790819807,21.715021822,0.18438532328,21.710282678,0.41448858994,,P1
0.13866929863,21.66503608,0.18457368806,21.660289546,0.41421933773,,P1
0.13943064453,21.615050387,0.18476160469,21.610296412,0.41395095344,,P1
0.14019228031,21.565064745,0.18494908714,21.560303275,0.41368341837,,P1
0.14095425007,21.515079154,0.18513614912,21.510310138,0.41341671419,,P1
0.14171659745,21.465093615,0.18532280409,21.460317,0.41315082297,,P1
0.1424793657,21.415108129,0.18550906528,21.410323864,0.41288572711,,P1
0.14324259768,21.365122697,0.18569494567,21.360330729,0.41262140938,,P1
0.14400633589,21.31513732,0.18588045803,21.310337596,0.41235785287,,P1
0.14477062249,21.265151999,0.18606561491,21.260344466,0.41209504099,,P1
0.14553549932,21.215166735,0.18625042867,21.21035134,0.41183295747,,P1
0.14630100792,21.165181528,0.18643491145,21.160358219,0.41157158634,,P1
0.14706718954,21.11519638,0.1866190752,21.110365104,0.41131091191,,P1
0.14783408521,21.065211291,0.18680293171,21.060371995,0.41105091879,,P1
0.14860173568,21.015226263,0.18698649257,21.010378892,0.41079159185,,P1
0.14937018149,20.965241296,0.18716976921,20.960385798,0.41053291621,,P1
0.15013946298,20.915256391,0.1873527729,20.910392712,0.41027487728,,P1
0.15090962031,20.86527155,0.18753551475,20.860399636,0.41001746067,,P1
0.15168069346,20.815286772,0.18771800571,20.810406569,0.40976065228,,P1
0.15245272226,20.76530206,0.18790025659,20.760413514,0.4095044382,,P1
0.15322574639,20.715317414,0.18808227808,20.710420469,0.40924880475,,P1
0.15399980542,20.665332834,0.18826408071,20.660427438,0.40899373848,,P1
0.15477493881,20.615348323,0.18844567489,20.610434419,0.40873922614,,P1
0.15555118592,20.56536388,0.1886270709,20.560441414,0.40848525469,,P1
0.15632858605,20.515379507,0.18880827893,20.510448424,0.40823181127,,P1
0.1571071784,20.465395205,0.18898930901,20.460455449,0.40797888322,,P1
0.15788700216,20.415410975,0.1891701711,20.41046249,0.40772645808,,P1
0.15866809644,20.365426817,0.18935087503,20.360469548,0.40747452353,,P1
0.15945050037,20.315442733,0.18953143055,20.310476623,0.40722306747,,P1
0.16023425302,20.265458724,0.18971184729,20.260483717,0.40697207793,,P1
0.1610193935,20.21547479,0.1898921348,20.210490829,0.40672154311,,P1
0.1618059609,20.165490933,0.19007230254,20.160497962,0.4064714514,,P1
0.16259399437,20.115507154,0.19025235989,20.110505115,0.40622179129,,P1
0.16338353308,20.065523454,0.19043231614,20.060512289,0.40597255145,,P1
0.16417461622,20.015539833,0.19061218051,20.010519485,0.4057237207,,P1
0.1649672831,19.965556293,0.19079196213,19.960526704,0.40547528798,,P1
0.16576157305,19.915572835,0.19097167009,19.910533947,0.40522724238,,P1
0.1665575255,19.86558946,0.19115131337,19.860541214,0.40497957311,,P1
0.16735517999,19.815606169,0.19133090093,19.810548506,0.40473226951,,P1
0.16815457615,19.765622963,0.19151044164,19.760555824,0.40448532105,,P1
0.16895575371,19.715639843,0.19168994431,19.710563169,0.40423871731,,P1
0.16975875257,19.66565681,0.19186941771,19.660570541,0.403992448,,P1
0.17056361272,19.615673866,0.19204887056,19.610577942,0.40374650292,,P1
0.17137037433,19.565691011,0.19222831151,19.560585371,0.40350087201,,P1
0.17217907773,19.515708247,0.19240774918,19.51059283,0.40325554529,,P1
0.1729897634,19.465725574,0.19258719215,19.46060032,0.40301051289,,P1
0.17380247201,19.415742995,0.19276664893,19.410607842,0.40276576505,,P1
0.17461724442,19.365760509,0.19294612803,19.360615396,0.4025212921,,P1
0.17543412169,19.315778119,0.1931256379,19.310622983,0.40227708447,,P1
0.1762531451,19.265795826,0.19330518695,19.260630604,0.40203313266,,P1
0.17707435614,19.21581363,0.19348478359,19.21063826,0.40178942728,,P1
0.17789779654,19.165831533,0.19366443616,19.160645951,0.40154595902,,P1
0.17872350825,19.115849536,0.19384415301,19.11065368,0.40130271865,,P1
0.17955153351,19.065867641,0.19402394245,19.060661445,0.40105969704,,P1
0.18038191479,19.015885848,0.19420381275,19.010669249,0.40081688511,,P1
0.18121469485,18.96590416,0.1943837722,18.960677092,0.40057427386,,P1
0.18204991673,18.915922577,0.19456382904,18.910684976,0.40033185439,,P1
0.18288762377,18.8659411,0.19474399151,18.8606929,0.40008961785,,P1
0.18372785959,18.815959732,0.19492426783,18.810700867,0.39984755546,,P1
0.18457066814,18.765978473,0.19510466621,18.760708876,0.39960565851,,P1
0.18541609371,18.715997325,0.19528519485,18.710716929,0.39936391835,,P1
0.18626418091,18.666016289,0.19546586195,18.660725028,0.39912232642,,P1
0.18711497468,18.616035366,0.1956466757,18.610733172,0.39888087419,,P1
0.18796852035,18.566054559,0.19582764428,18.560741363,0.39863955319,,P1
0.1888248636,18.516073868,0.19600877589,18.510749601,0.39839835504,,P1
0.18968405047,18.466093295,0.1961900787,18.460757889,0.39815727137,,P1
0.19054612743,18.416112842,0.19637156092,18.410766226,0.3979162939,,P1
0.19141114132,18.366132509,0.19655323072,18.360774615,0.39767541439,,P1
0.19227913939,18.3161523,0.19673509633,18.310783055,0.39743462466,,P1
0.19315016932,18.266172214,0.19691716593,18.260791548,0.39719391654,,P1
0.19402427924,18.216192254,0.19709944777,18.210800096,0.39695328197,,P1
0.1949015177,18.166212422,0.19728195006,18.160808699,0.39671271288,,P1
0.19578193371,18.116232718,0.19746468106,18.110817358,0.39647220127,,P1
0.19666557676,18.066253145,0.19764764903,18.060826075,0.39623173919,,P1
0.19755249681,18.016273705,0.19783086226,18.010834851,0.39599131871,,P1
0.19844274431,17.966294398,0.19801432904,17.960843686,0.39575093195,,P1
0.19933637022,17.916315228,0.1981980577,17.910852583,0.39551057108,,P1
0.20023342603,17.866336195,0.19838205659,17.860861542,0.39527022829,,P1
0.20113396372,17.816357301,0.19856633407,17.810870565,0.3950298958,,P1
0.20203803585,17.766378549,0.19875089856,17.760879652,0.39478956589,,P1
0.20294569552,17.716399939,0.19893575847,17.710888805,0.39454923086,,P1
0.20385699638,17.666421475,0.19912092226,17.660898026,0.39430888303,,P1
0.20477199268,17.616443158,0.19930639844,17.610907316,0.39406851477,,P1
0.20569073927,17.566464989,0.19949219553,17.560916676,0.39382811847,,P1
0.20661329158,17.516486972,0.19967832208,17.510926107,0.39358768655,,P1
0.20753970568,17.466509107,0.19986478671,17.460935611,0.39334721145,,P1
0.20847003828,17.416531397,0.20005159805,17.41094519,0.39310668565,,P1
0.20940434672,17.366553844,0.2002387648,17.360954844,0.39286610164,,P1
0.21034268902,17.316576451,0.20042629567,17.310964575,0.39262545195,,P1
0.21128512387,17.266599219,0.20061419944,17.260974386,0.39238472911,,P1
0.21223171065,17.21662215,0.20080248494,17.210984276,0.39214392571,,P1
0.21318250945,17.166645247,0.20099116103,17.160994248,0.39190303431,,P1
0.2141375811,17.116668512,0.20118023664,17.111004304,0.39166204753,,P1
0.21509698715,17.066691947,0.20136972074,17.061014445,0.39142095799,,P1
0.21606078991,17.016715555,0.20155962237,17.011024672,0.39117975834,,P1
0.21702905247,16.966739338,0.20174995062,16.961034988,0.39093844122,,P1
0.21800183871,16.916763299,0.20194071464,16.911045394,0.39069699933,,P1
0.2189792133,16.866787439,0.20213192363,16.861055891,0.39045542534,,P1
0.21996124175,16.816811763,0.20232358687,16.811066483,0.39021371196,,P1
0.2209479904,16.766836271,0.20251571369,16.761077169,0.3899718519,,P1
0.22193952647,16.716860967,0.20270831352,16.711087954,0.3897298379,,P1
0.22293591803,16.666885854,0.20290139582,16.661098837,0.3894876627,,P1
0.22393723407,16.616910933,0.20309497014,16.611109821,0.38924531904,,P1
0.22494354449,16.566936209,0.2032890461,16.561120908,0.38900279969,,P1
0.22595492011,16.516961684,0.20348363341,16.511132101,0.38876009741,,P1
0.22697143273,16.46698736,0.20367874184,16.461143401,0.38851720498,,P1
0.2279931551,16.41701324,0.20387438124,16.411154809,0.38827411519,,P1
0.229020161,16.367039328,0.20407056157,16.36116633,0.38803082082,,P1
0.23005252521,16.317065627,0.20426729284,16.311177963,0.38778731468,,P1
0.23109032354,16.26709214,0.20446458517,16.261189713,0.38754358956,,P1
0.23213363288,16.217118869,0.20466244876,16.211201581,0.38729963828,,P1
0.23318253121,16.167145819,0.20486089391,16.161213569,0.38705545363,,P1
0.2342370976,16.117172992,0.20505993101,16.11122568,0.38681102843,,P1
0.23529741226,16.067200392,0.20525957055,16.061237916,0.3865663555,,P1
0.23636355658,16.017228022,0.20545982311,16.011250279,0.38632142765,,P1
0.23743561309,15.967255885,0.20566069938,15.961262773,0.38607623769,,P1
0.23851366557,15.917283986,0.20586221017,15.9112754,0.38583077845,,P1
0.23959779901,15.867312328,0.20606436636,15.861288162,0.38558504274,,P1
0.24068809967,15.817340915,0.20626717898,15.811301063,0.38533902336,,P1
0.24178465509,15.76736975,0.20647065916,15.761314104,0.38509271315,,P1
0.24288755414,15.717398837,0.20667481812,15.711327289,0.38484610489,,P1
0.24399688703,15.66742818,0.20687966724,15.661340621,0.38459919141,,P1
0.24511274534,15.617457784,0.207085218,15.611354103,0.38435196549,,P1
0.24623522206,15.567487652,0.207291482,15.561367737,0.38410441995,,P1
0.24666291515,15.548525778,0.2073699412,15.542399673,0.3840103998,HB,P1
0.24779467701,15.498556018,0.20757720838,15.492413523,0.38376240151,,P1
0.24893328435,15.448586532,0.20778521695,15.442427533,0.38351406643,,P1
0.25007883521,15.398617326,0.20799397896,15.392441707,0.38326538735,,P1
0.25123142907,15.348648403,0.20820350659,15.342456047,0.38301635704,,P1
0.25239116702,15.298679768,0.20841381217,15.292470558,0.38276696825,,P1
0.25355815179,15.248711426,0.2086249082,15.242485242,0.38251721376,,P1
0.25473248774,15.198743381,0.20883680728,15.192500104,0.3822670863,,P1
0.25591428094,15.148775639,0.2090495222,15.142515148,0.38201657862,,P1
0.25710363916,15.098808205,0.2092630659,15.092530375,0.38176568344,,P1
0.25830067197,15.048841083,0.20947745146,15.042545792,0.38151439349,,P1
0.25950549071,14.99887428,0.20969269215,14.992561402,0.38126270148,,P1
0.26071820861,14.9489078,0.20990880138,14.942577208,0.38101060011,,P1
0.26193894075,14.898941648,0.21012579276,14.892593215,0.38075808206,,P1
0.26316780418,14.848975832,0.21034368005,14.842609428,0.38050514001,,P1
0.26440491789,14.799010355,0.2105624772,14.79262585,0.38025176663,,P1
0.26565040294,14.749045225,0.21078219835,14.742642486,0.37999795456,,P1
0.26690438242,14.699080448,0.21100285781,14.692659342,0.37974369645,,P1
0.26816698155,14.649116028,0.2112244701,14.64267642,0.37948898492,,P1
0.26943832775,14.599151974,0.21144704993,14.592693727,0.37923381259,,P1
0.27071855061,14.54918829,0.21167061222,14.542711267,0.37897817204,,P1
0.27200778203,14.499224985,0.21189517207,14.492729046,0.37872205587,,P1
0.27330615623,14.449262064,0.21212074482,14.442747069,0.37846545664,,P1
0.27461380978,14.399299535,0.21234734601,14.39276534,0.37820836691,,P1
0.27593088174,14.349337405,0.21257499141,14.342783866,0.37795077922,,P1
0.27725751362,14.29937568,0.21280369701,14.292802652,0.37769268608,,P1
0.27859384952,14.249414369,0.21303347904,14.242821705,0.37743408001,,P1
0.27994003614,14.199453479,0.21326435397,14.192841029,0.3771749535,,P1
0.28129622286,14.149493019,0.21349633848,14.142860632,0.37691529903,,P1
0.28266256182,14.099532995,0.21372944955,14.092880519,0.37665510904,,P1
0.28403920796,14.049573416,0.21396370438,14.042900697,0.37639437599,,P1
0.28542631913,13.999614292,0.21419912044,13.992921173,0.37613309231,,P1
0.28682405611,13.949655629,0.21443571547,13.942941953,0.37587125039,,P1
0.28823258272,13.899697439,0.21467350748,13.892963045,0.37560884263,,P1
0.28965206587,13.849739728,0.21491251477,13.842984455,0.37534586141,,P1
0.29108267567,13.799782508,0.21515275591,13.793006192,0.37508229908,,P1
0.2925245855,13.749825786,0.21539424979,13.743028263,0.37481814799,,P1
0.29397797205,13.699869575,0.21563701557,13.693050675,0.37455340046,,P1
0.29544301547,13.649913882,0.21588107275,13.643073437,0.37428804879,,P1
0.29691989942,13.59995872,0.21612644113,13.593096557,0.37402208528,,P1
0.29840881117,13.550004097,0.21637314083,13.543120044,0.3737555022,,P1
0.29990994168,13.500050027,0.21662119231,13.493143907,0.37348829181,,P1
0.30142348572,13.450096519,0.21687061638,13.443168154,0.37322044634,,P1
0.30294964194,13.400143585,0.21712143419,13.393192794,0.37295195802,,P1
0.30448861302,13.350191238,0.21737366724,13.343217839,0.37268281907,,P1
0.3060406057,13.300239489,0.21762733741,13.293243297,0.37241302166,,P1
0.30760583104,13.250288353,0.21788246696,13.24326918,0.37214255801,,P1
0.30918450414,13.200337841,0.21813907851,13.193295498,0.37187142023,,P1
0.31077684485,13.150387966,0.21839719511,13.143322261,0.37159960048,,P1
0.31238307748,13.100438742,0.2186568402,13.09334948,0.3713270909,,P1
0.31400343101,13.050490182,0.21891803764,13.043377167,0.37105388361,,P1
0.31563813922,13.000542303,0.21918081171,12.993405333,0.37077997072,,P1
0.31728744085,12.950595117,0.21944518714,12.943433991,0.37050534431,,P1
0.3189515797,12.900648641,0.21971118911,12.893463154,0.37022999648,,P1
0.32063080481,12.850702891,0.21997884324,12.843492834,0.36995391928,,P1
0.32232537055,12.800757882,0.22024817566,12.793523046,0.3696771048,,P1
0.32403553684,12.750813631,0.22051921295,12.743553802,0.36939954506,,P1
0.32576156922,12.700870156,0.22079198223,12.693585117,0.36912123213,,P1
0.32750373911,12.650927474,0.22106651109,12.643617006,0.36884215804,,P1
0.32926232388,12.600985603,0.22134282767,12.593649485,0.36856231482,,P1
0.33103760709,12.551044563,0.22162096066,12.543682568,0.3682816945,,P1
0.33282987862,12.501104373,0.22190093929,12.493716273,0.36800028909,,P1
0.33463943489,12.451165052,0.22218279336,12.443750615,0.36771809062,,P1
0.33646657904,12.401226622,0.22246655327,12.393785613,0.36743509112,,P1
0.33831162109,12.351289104,0.22275225001,12.343821284,0.3671512826,,P1
0.34017487821,12.301352519,0.22303991519,12.293857647,0.36686665709,,P1
0.34205667487,12.251416891,0.22332958108,12.243894722,0.36658120661,,P1
0.34395734308,12.201482243,0.22362128058,12.193932527,0.36629492321,,P1
0.34587722265,12.151548598,0.22391504727,12.143971083,0.36600779893,,P1
0.34781666135,12.101615983,0.22421091542,12.094010413,0.36571982583,,P1
0.34977601523,12.051684422,0.22450892002,12.044050537,0.36543099596,,P1
0.35175564882,12.001753942,0.22480909679,11.994091478,0.36514130143,,P1
0.3537559354,11.951824572,0.22511148221,11.944133261,0.36485073434,,P1
0.3557772573,11.901896338,0.22541611352,11.894175909,0.3645592868,,P1
0.35782000614,11.851969272,0.22572302877,11.844219448,0.36426695097,,P1
0.35988458315,11.802043403,0.22603226684,11.794263903,0.36397371903,,P1
0.36197139946,11.752118762,0.22634386745,11.744309303,0.36367958319,,P1
0.36408087642,11.702195382,0.22665787118,11.694355675,0.36338453568,,P1
0.3662134459,11.652273298,0.22697431952,11.644403048,0.3630885688,,P1
0.36836955069,11.602352543,0.2272932549,11.594451453,0.36279167486,,P1
0.37054964478,11.552433154,0.22761472067,11.544500921,0.36249384624,,P1
0.37275419378,11.502515168,0.2279387612,11.494551485,0.36219507536,,P1
0.37498367525,11.452598624,0.22826542184,11.444603178,0.3618953547,,P1
0.37723857915,11.402683563,0.22859474901,11.394656035,0.3615946768,,P1
0.37951940821,11.352770025,0.2289267902,11.344710094,0.36129303427,,P1
0.38182667837,11.302858055,0.229261594,11.294765391,0.36099041979,,P1
0.38416091923,11.252947696,0.22959921016,11.244821966,0.36068682611,,P1
0.3865226745,11.203038995,0.22993968961,11.194879861,0.36038224609,,P1
0.38891250251,11.153132001,0.23028308449,11.144939117,0.36007667265,,P1
0.39133097665,11.103226763,0.23062944824,11.094999778,0.35977009884,,P1
0.39377868598,11.053323333,0.23097883554,11.045061891,0.35946251778,,P1
0.3962562357,11.003421766,0.23133130246,10.995125504,0.35915392275,,P1
0.39876424774,10.953522117,0.23168690646,10.945190666,0.35884430712,,P1
0.40130336139,10.903624445,0.2320457064,10.895257429,0.3585336644,,P1
0.40387423384,10.85372881,0.23240776266,10.845325847,0.35822198824,,P1
0.40647754089,10.803835275,0.23277313713,10.795395976,0.35790927246,,P1
0.40911397762,10.753943906,0.23314189329,10.745467875,0.35759551101,,P1
0.41178425902,10.704054771,0.23351409628,10.695541605,0.35728069804,,P1
0.41448912081,10.654167941,0.23388981292,10.645617229,0.35696482789,,P1
0.41722932015,10.60428349,0.23426911177,10.595694814,0.35664789507,,P1
0.42000563647,10.554401494,0.23465206324,10.54577443,0.35632989433,,P1
0.42281887226,10.504522035,0.23503873961,10.495856148,0.35601082063,,P1
0.42566985401,10.454645196,0.2354292151,10.445940044,0.35569066918,,P1
0.42855943304,10.404771063,0.23582356595,10.396026197,0.35536943544,,P1
0.43148848654,10.354899728,0.23622187051,10.346114689,0.35504711516,,P1
0.43445791852,10.305031286,0.23662420928,10.296205607,0.35472370436,,P1
0.43746866084,10.255165837,0.23703066502,10.24629904,0.35439919938,,P1
0.44052167436,10.205303482,0.23744132281,10.196395082,0.35407359691,,P1
0.44361795004,10.155444332,0.23785627017,10.146493833,0.35374689396,,P1
0.44675851016,10.105588498,0.2382755971,10.096595395,0.35341908794,,P1
0.44994440961,10.055736099,0.23869939624,10.046699877,0.35309017666,,P1
0.45317673716,10.005887259,0.23912776292,9.9968073912,0.35276015832,,P1
0.45645661687,9.9560421061,0.23956079528,9.9469180564,0.35242903162,,P1
0.45978520956,9.9062007767,0.23999859439,9.897031997,0.35209679572,,P1
0.46316371433,9.8563634124,0.24044126434,9.8471493434,0.35176345027,,P1
0.46659337016,9.8065301618,0.2408889124,9.7972702324,0.3514289955,,P1
0.4700754576,9.7567011805,0.2413416491,9.7473948077,0.3510934322,,P1
0.47361130056,9.706876632,0.24179958841,9.69752322,0.35075676177,,P1
0.47720226815,9.6570566875,0.24226284783,9.6476556278,0.35041898626,,P1
0.48084977667,9.6072415269,0.24273154859,9.5977921977,0.35008010844,,P1
0.48455529166,9.5574313391,0.24320581577,9.5479331048,0.34974013178,,P1
0.48832033007,9.5076263225,0.24368577845,9.4980785334,0.34939906058,,P1
0.49214646259,9.4578266856,0.24417156991,9.4482286774,0.34905689993,,P1
0.49603531602,9.4080326478,0.24466332781,9.398383741,0.34871365583,,P1
0.49998857583,9.3582444398,0.24516119435,9.3485439396,0.34836933522,,P1
0.50400798888,9.3084623046,0.24566531649,9.2987094998,0.34802394606,,P1
0.5080953662,9.2586864981,0.24617584616,9.248880661,0.34767749734,,P1
0.51225258605,9.2089172899,0.24669294046,9.1990576755,0.34732999923,,P1
0.51648159702,9.1591549643,0.24721676192,9.1492408099,0.34698146308,,P1
0.5207844214,9.1093998213,0.24774747873,9.0994303457,0.34663190153,,P1
0.52516315873,9.0596521773,0.24828526499,9.0496265803,0.3462813286,,P1
0.52961998952,9.0099123669,0.24883030101,8.9998298284,0.34592975976,,P1
0.53415717918,8.9601807432,0.24938277358,8.950040423,0.34557721205,,P1
0.53877708228,8.9104576799,0.24994287627,8.9002587164,0.34522370414,,P1
0.5434821469,8.8607435724,0.25051080976,8.850485082,0.34486925647,,P1
0.5482749194,8.811038839,0.2510867822,8.8007199154,0.34451389138,,P1
0.55315804938,8.7613439231,0.25167100953,8.7509636364,0.3441576332,,P1
0.55813429497,8.7116592946,0.25226371591,8.7012166903,0.34380050838,,P1
0.56320652845,8.6619854518,0.25286513409,8.6514795502,0.34344254568,,P1
0.5683777422,8.6123229237,0.25347550588,8.6017527187,0.34308377628,,P1
0.57365105507,8.5626722723,0.25409508254,8.55203673,0.34272423396,,P1
0.57902971908,8.5130340947,0.25472412535,8.502332153,0.34236395527,,P1
0.5845171266,8.463409026,0.25536290605,8.452639593,0.34200297974,,P1
0.59011681799,8.4137977423,0.25601170745,8.4029596953,0.34164135004,,P1
0.5958324897,8.3642009634,0.25667082395,8.3532931478,0.34127911227,,P1
0.60166800291,8.3146194571,0.25734056221,8.3036406844,0.34091631613,,P1
0.60762739277,8.2650540418,0.2580212418,8.2540030892,0.3405530152,,P1
0.61371487824,8.2155055917,0.25871319587,8.2043811998,0.34018926723,,P1
0.61993487253,8.1659750405,0.25941677194,8.1547759122,0.3398251344,,P1
0.62629199433,8.1164633866,0.26013233267,8.1051881854,0.3394606837,,P1
0.63279107977,8.0669716987,0.26086025671,8.0556190467,0.33909598721,,P1
0.63943719516,8.017501121,0.26160093963,8.0060695975,0.3387311225,,P1
0.64623565066,7.9680528803,0.26235479486,7.9565410197,0.33836617306,,P1
0.65319201489,7.9186282929,0.26312225476,7.9070345826,0.33800122871,,P1
0.66031213052,7.8692287722,0.26390377168,7.8575516504,0.33763638606,,P1
0.667602131,7.8198558373,0.26469981919,7.8080936911,0.33727174905,,P1
0.67506845842,7.7705111226,0.2655108933,7.7586622852,0.33690742953,,P1
0.68271788274,7.7211963883,0.26633751385,7.7092591366,0.33654354781,,P1
0.69055752222,7.6719135313,0.26718022591,7.6598860833,0.33618023335,,P1
0.69859486548,7.6226645987,0.26803960141,7.6105451104,0.33581762547,,P1
0.70683779503,7.5734518011,0.26891624069,7.5612383639,0.33545587414,,P1
0.71529461251,7.5242775289,0.26981077437,7.5119681658,0.33509514079,,P1
0.72397406577,7.4751443688,0.27072386521,7.4627370315,0.3347355993,,P1
0.73288537785,7.4260551234,0.27165621012,7.4135476885,0.33437743693,,P1
0.74203827805,7.3770128325,0.27260854242,7.3644030974,0.33402085545,,P1
0.74888691531,7.3411990346,0.27331769576,7.3285130867,0.33376135192,HB,P1
0.75848258203,7.292245982,0.27430647255,7.279453723,0.33340803062,,P1
0.76834926116,7.2433495921,0.27531744382,7.2304485824,0.33305692521,,P1
0.77849888363,7.1945140206,0.27635150046,7.181501725,0.33270830309,,P1
0.78894406578,7.1457437986,0.27740958228,7.1326175811,0.33236245292,,P1
0.79969815487,7.0970438723,0.27849268119,7.0838009909,0.3320196864,,P1
0.81077527757,7.0484196474,0.27960184464,7.0350572482,0.33168034029,,P1
0.82219039142,6.9998770386,0.28073817918,6.9863921496,0.33134477856,,P1
0.83395933942,6.9514225255,0.2819028543,6.93781205,0.33101339482,,P1
0.84609890757,6.9030632142,0.28309710651,6.889323924,0.33068661485,,P1
0.85862688545,6.8548069075,0.28432224358,6.8409354356,0.33036489953,,P1
0.87156212955,6.8066621831,0.28557964901,6.7926550157,0.33004874785,,P1
0.88492462917,6.758638481,0.28687078669,6.7444919495,0.32973870037,,P1
0.89873557425,6.7107462019,0.2881972057,6.6964564742,0.32943534287,,P1
0.9130174247,6.6629968172,0.28956054531,6.6485598885,0.32913931033,,P1
0.92779398012,6.6154029923,0.2909625399,6.6008146754,0.32885129131,,P1
0.94309044881,6.5679787241,0.29240502403,6.5532346396,0.32857203258,,P1
0.95893351432,6.5207394949,0.2938899373,6.5058350606,0.3283023442,,P1
0.97535139737,6.4737024436,0.29541932897,6.4586328638,0.32804310486,,P1
0.99237391045,6.4268865555,0.29699536216,6.4116468099,0.32779526763,,P1
1.0100325014,6.380312873,0.29862031744,6.3648977052,0.32755986597,,P1
1.0283602818,6.3340047263,0.30029659544,6.3184086326,0.32733801999,,P1
1.0473920338,6.2879879868,0.30202671818,6.2722052047,0.32713094292,,P1
1.06716419,6.2422913413,0.30381332876,6.2263158386,0.32693994763,,P1
1.0877147769,6.1969465864,0.30565918879,6.1807720505,0.32676645293,,P1
1.1090833128,6.1519889407,0.30756717296,6.1356087692,0.3266119897,,P1
1.1313106488,6.1074573695,0.30954026018,6.0908646618,0.32647820623,,P1
1.15443874,6.0633949152,0.31158152036,6.046582466,0.32636687261,,P1
1.1785103332,6.0198490227,0.313694096,6.002809318,0.32627988362,,P1
1.2035685555,5.9768718451,0.31588117779,5.9595970609,0.32621925951,,P1
1.2296563906,5.9345205105,0.31814597324,5.9170025162,0.32618714409,,P1
1.2568160282,5.8928573258,0.32049166768,5.8750876911,0.32618579926,,P1
1.2850880788,5.8519498861,0.32292137715,5.8339198944,0.32621759518,,P1
1.3145106488,5.8118710558,0.32543809306,5.7935717238,0.32628499535,,P1
1.3451182831,5.7726987818,0.3280446192,5.754120886,0.32639053566,,P1
1.3769407927,5.7345156993,0.33074350251,5.715649811,0.32653679705,,P1
1.4100020009,5.6974084927,0.33353695984,5.67824502,0.32672637138,,P1
1.4443184603,5.661466983,0.33642680428,5.6419962223,0.32696182092,,P1
1.4798982082,5.6267829298,0.33941437562,5.6069951236,0.32724563217,,P1
1.5167396473,5.5934485563,0.34250048033,5.573333958,0.32758016585,,P1
1.5548306321,5.5615548449,0.34568534612,5.5411037875,0.32796760524,,P1
1.5941479038,5.5311896296,0.34896860081,5.5103925965,0.32840990632,,P1
1.6346568605,5.5024356739,0.35234927243,5.4812833687,0.32890875257,,P1
1.6763118008,5.4753687686,0.3558258205,5.4538521808,0.32946551838,,P1
1.719056616,5.4500560294,0.35939619522,5.4281664926,0.33008124396,,P1
1.7628259069,5.4265545121,0.36305792241,5.4042837522,0.33075662395,,P1
1.8075464532,5.4049102472,0.36680820886,5.3822504183,0.33149201044,,P1
1.8531389282,5.385157759,0.37064406034,5.3621014662,0.33228743024,,P1
1.8995197326,5.3673200856,0.37456240391,5.3438603935,0.33314261417,,P1
1.9466028165,5.3514092686,0.37856020602,5.3275396974,0.33405703587,,P1
1.9943013764,5.3374272439,0.38263457901,5.3131417533,0.33502995659,,P1
1.9999746805,5.3359021396,0.38312099132,5.3115671192,0.33514875352,UZ,P1
